{
  "x": 690,
  "y": 146,
  "width": 745,
  "height": 598,
  "mini_mode": false,
  "tangents_visible": true,
  "splitter": [
    274,
    457
  ],
  "graph_view": {
    "m11": 0.6976187499999998,
    "m12": 0.0,
    "m13": 0.0,
    "m21": 0.0,
    "m22": 0.6976187499999998,
    "m23": 0.0,
    "m31": 0.0,
    "m32": 0.0,
    "m33": 1.0,
    "center_x": 190.6485454985263,
    "center_y": 199.2492317616177
  },
  "language": "ja"
}